Year,Force,HOMICIDE,Harassment,Kidnapping,TOTAL ROBBERY,Domestic burglary,Shoplifting,TOTAL THEFT OFFENCES,Arson,Criminal damage,TOTAL DRUG OFFENCES,TOTAL POSSESSION OF           WEAPONS OFFENCES,TOTAL  - ALL OFFENCES
2002,Avon and Somerset,19,709,95,3504,14561,8410,111976,1318,24884,2308,735,168527
2002,Bedfordshire,2,176,35,997,3784,3724,35222,698,9308,1069,417,56923
2002,British Transport Police,4,21,19,2242,12,1543,47523,360,10974,2230,734,76094
2002,Cambridgeshire,12,539,24,906,5457,4420,49941,1462,14560,904,335,82465
2002,Cheshire,8,222,21,631,6409,5542,48910,723,18151,1717,330,83069
2002,Cleveland,9,66,27,1434,7321,6207,47165,666,13884,1685,384,72978
2002,Cumbria,4,77,12,130,2146,2571,18932,408,9855,1038,154,36966
2002,Derbyshire,8,544,24,1048,8551,5455,61155,1003,16643,1877,577,100615
2002,Devon and Cornwall,19,494,34,710,7207,7126,67135,1363,25360,4516,899,126732
2002,Dorset,9,297,14,437,2947,3480,34314,703,11493,1371,272,57965
2002,Durham,6,211,12,287,3083,2996,25462,629,13381,1289,325,50344
2002,Dyfed-Powys,9,85,6,40,666,1390,8620,128,4762,2978,381,24145
2002,Essex,22,954,26,1328,7138,8336,73601,1453,28772,2377,830,133032
2002,Gloucestershire,9,180,22,521,3369,3816,31641,464,9557,1311,280,52730
2002,Greater Manchester,225,669,230,10745,42396,16399,218896,3427,73036,5667,1974,369802
2002,Gwent,6,515,25,329,3001,2878,28119,656,12213,1585,262,60088
2002,Hampshire,36,616,56,966,6793,9784,82412,1355,33256,3938,939,149541
2002,Hertfordshire,7,196,47,862,5294,5474,53452,715,17234,1553,449,83487
2002,Humberside,18,242,44,1807,12191,8114,82789,1497,22738,1883,565,130516
2002,Kent,19,473,40,1242,7655,8394,72902,1251,27658,3236,977,128343
2002,Lancashire,28,569,53,1409,9513,7781,71451,1443,29210,4084,757,127232
2002,Leicestershire,12,1004,58,1453,6450,4778,52077,792,18364,1629,448,93518
2002,Lincolnshire,9,70,25,307,4290,3517,34231,926,12654,1060,382,60430
2002,City of London,1,68,1,45,46,939,6533,6,359,790,137,9170
2002,Merseyside,41,196,122,2994,14608,9710,88271,1355,35917,5419,1079,161099
2002,Metropolitan Police,195,10547,1144,42493,72237,41999,604834,6067,137319,33311,9393,1031474
2002,Norfolk,10,173,34,579,3820,3730,38726,752,15187,1392,427,69222
2002,North Wales,11,148,12,224,3227,4020,31563,678,16304,1830,307,64019
2002,North Yorkshire,3,190,29,356,4766,4604,40475,420,12701,1582,294,65342
2002,Northamptonshire,9,474,26,1015,4871,3948,40452,784,14853,979,325,69882
2002,Northumbria,19,682,55,1442,11179,10911,81699,2481,39386,6040,1246,161655
2002,Nottinghamshire,18,409,69,2799,16418,9578,107737,1377,22499,2352,694,156308
2002,South Wales,11,865,32,784,8060,6988,80946,1347,29350,3872,846,140240
2002,South Yorkshire,25,414,72,2112,17836,8214,97835,1404,28373,3448,895,149266
2002,Staffordshire,7,911,47,900,6458,5889,55881,965,22027,2264,500,105860
2002,Suffolk,5,167,16,249,2284,3289,25342,551,10883,1689,360,48633
2002,Surrey,14,174,31,605,4140,3680,38897,596,13018,1934,317,65317
2002,Sussex,23,580,52,1319,8209,6988,74949,1105,24348,2665,726,126143
2002,Thames Valley,28,1308,82,2406,13809,11350,130143,1686,31890,4903,929,201379
2002,Warwickshire,4,91,11,354,3070,2235,26546,461,8046,751,162,42785
2002,West Mercia,9,972,44,728,6239,5895,54862,1204,19914,2053,432,101891
2002,West Midlands,66,3196,234,10249,26942,18352,197237,3712,53276,8828,2734,337061
2002,West Yorkshire,43,669,124,4947,36406,13858,208089,2765,58522,5015,941,316173
2002,Wiltshire,5,86,12,336,2724,2569,24376,396,8801,898,229,42816
2003,Avon and Somerset,18,942,102,2908,10966,8658,94984,1793,27841,2457,855,160603
2003,Bedfordshire,8,213,31,993,5006,3708,35169,592,10402,1130,493,58899
2003,British Transport Police,51,26,16,2542,12,1439,45921,384,12526,2451,718,77932
2003,Cambridgeshire,9,588,30,786,4290,4165,43595,1149,15240,1047,307,77490
2003,Cheshire,13,268,28,647,5780,5638,49346,948,21516,1695,418,90636
2003,Cleveland,6,73,41,1355,6484,5039,42969,654,16246,1368,373,73729
2003,Cumbria,12,101,9,124,1799,2505,18002,458,11112,1189,189,38828
2003,Derbyshire,13,587,40,1019,7680,4852,54858,971,17816,1932,625,96101
2003,Devon and Cornwall,16,504,30,562,6027,6730,61785,1554,28400,4826,872,126999
2003,Dorset,9,388,19,445,3099,3238,33720,931,12453,1455,325,59726
2003,Durham,1,197,9,267,2843,2709,24176,585,13616,1205,334,47764
2003,Dyfed-Powys,1,86,7,54,944,1533,11394,260,6696,2420,328,30116
2003,Essex,12,1276,44,1476,7055,8306,73360,1567,32514,2295,1079,141081
2003,Gloucestershire,6,152,23,541,3335,3854,32833,505,10251,1288,293,55186
2003,Greater Manchester,54,855,208,9246,37762,15489,200036,3998,76501,5981,2280,359994
2003,Gwent,5,387,26,274,3199,2970,28615,642,12799,1422,300,58488
2003,Hampshire,21,1453,79,1040,7030,11276,84757,2048,41249,3967,1182,174550
2003,Hertfordshire,10,322,30,972,5649,5536,54149,680,19084,1678,534,91217
2003,Humberside,24,631,51,1896,10410,7676,78164,1930,26245,1874,657,139582
2003,Kent,14,558,49,1172,7510,8411,72258,1458,32846,2795,773,134755
2003,Lancashire,56,845,59,1285,8821,8579,72585,2004,37281,3640,928,147791
2003,Leicestershire,17,1327,47,1476,6514,4497,49686,832,18508,1821,500,93334
2003,Lincolnshire,6,78,22,304,3438,3091,30272,963,14064,1061,385,58993
2003,City of London,1,77,1,50,33,982,5859,4,309,744,109,8238
2003,Merseyside,32,339,148,2347,12760,8662,88512,1667,38045,5497,1084,166989
2003,Metropolitan Police,211,11605,1012,40639,67996,40116,581953,5192,141266,32332,9607,1016197
2003,Norfolk,9,179,19,459,2944,3877,35068,906,16466,1508,404,68078
2003,North Wales,3,156,13,201,2484,3739,29004,657,16302,1830,374,60812
2003,North Yorkshire,8,232,16,395,4936,4966,41025,524,14164,1624,340,69255
2003,Northamptonshire,6,494,34,1220,5284,3983,43000,900,16341,971,352,75380
2003,Northumbria,23,663,72,1223,10223,9577,74368,2423,39704,5414,1212,153219
2003,Nottinghamshire,15,496,55,2556,15980,9421,101887,1584,24604,2830,829,155606
2003,South Wales,17,922,20,751,7275,7114,77131,1324,26952,3837,753,134383
2003,South Yorkshire,13,452,41,1400,13455,7607,86545,1444,29392,3191,748,139344
2003,Staffordshire,10,916,36,909,6165,5531,52691,1058,22985,2586,550,106808
2003,Suffolk,9,219,14,290,2385,3150,24985,656,12075,1923,459,51603
2003,Surrey,7,212,48,619,3914,3827,40388,705,15788,1689,322,70711
2003,Sussex,15,744,64,1425,7920,7077,73818,1376,27298,3050,1002,130015
2003,Thames Valley,21,1674,64,2286,14505,11175,126931,1786,35306,5404,1094,205637
2003,Warwickshire,5,99,16,456,3192,2307,25735,492,8809,944,156,44291
2003,West Mercia,18,1096,48,689,5925,6211,52188,1089,22332,2218,545,103649
2003,West Midlands,53,3798,266,10371,26636,17524,183291,3200,55542,8656,2806,328436
2003,West Yorkshire,43,2109,143,3738,30127,13974,189415,3256,64467,5295,1254,319377
2003,Wiltshire,3,95,11,328,2553,2516,23219,397,9013,971,273,41727
2004,Avon and Somerset,19,1198,80,2237,9586,8087,84205,1638,29478,2739,895,156501
2004,Bedfordshire,8,294,49,1028,3917,3384,30439,506,9982,1131,539,55130
2004,British Transport Police,10,34,16,2037,2,1382,42823,346,12361,3208,690,76742
2004,Cambridgeshire,13,505,29,634,3034,3630,38442,813,15258,1174,405,71650
2004,Cheshire,10,419,32,533,4236,5132,43614,1044,23209,1546,413,87895
2004,Cleveland,7,158,35,898,4572,4344,35116,675,16101,1451,417,67957
2004,Cumbria,10,145,19,109,1475,2507,17573,461,12265,1321,221,42285
2004,Derbyshire,10,635,32,802,5051,3810,41925,720,17093,2023,618,82260
2004,Devon and Cornwall,27,624,27,541,5706,7214,61431,1498,29356,4356,911,129270
2004,Dorset,7,707,24,342,2616,3308,29202,683,11569,1577,418,55736
2004,Durham,4,206,19,178,2465,2392,21539,525,14575,1062,381,46273
2004,Dyfed-Powys,4,93,8,41,1042,1513,11671,238,7851,2327,285,31723
2004,Essex,13,1432,48,1426,5874,8489,66450,1344,30863,2328,1074,131616
2004,Gloucestershire,9,217,25,384,2741,3108,27503,466,10224,1218,335,50839
2004,Greater Manchester,59,1261,187,7544,27196,13343,166798,2882,70213,6703,2487,317691
2004,Gwent,10,369,26,351,2583,2806,26505,591,12669,1332,307,56143
2004,Hampshire,17,1814,82,948,5415,11195,77126,1567,40348,3773,1213,168129
2004,Hertfordshire,14,448,22,875,5385,5960,50498,729,19807,1754,674,93227
2004,Humberside,16,437,43,1262,7795,6643,63586,1424,26288,2048,719,122514
2004,Kent,16,648,54,1195,6753,8495,69445,1345,33669,2170,764,134226
2004,Lancashire,30,1554,67,1092,6695,8254,67396,1673,38944,3411,1045,148150
2004,Leicestershire,9,1968,60,1329,5774,4428,45456,831,17903,1942,535,92706
2004,Lincolnshire,3,119,22,243,2687,3098,27836,716,14055,951,489,56899
2004,City of London City of,0,127,3,42,34,836,5173,4,304,876,127,7846
2004,Merseyside,46,827,93,2173,10951,8340,81228,1530,39761,5649,1106,168589
2004,Metropolitan Police,195,16075,816,39033,63084,39764,535057,3936,130576,33011,9120,970734
2004,Norfolk,2,252,20,324,2046,3668,30105,761,16594,1602,490,64339
2004,North Wales,14,217,12,149,1585,3051,22204,462,14555,1833,418,53080
2004,North Yorkshire,12,302,21,328,2921,3607,30298,429,13078,1678,356,59658
2004,Northamptonshire,6,545,33,875,4448,3747,38789,656,16134,1477,384,71018
2004,Northumbria,17,606,47,1176,7897,8775,64816,1913,39032,4636,1238,138894
2004,Nottinghamshire,21,635,37,2011,12274,7648,84231,1470,27506,2722,843,141051
2004,South Wales,13,896,35,543,6477,6586,66617,1248,26068,3705,768,121459
2004,South Yorkshire,16,782,46,1131,10495,6591,73874,1645,33516,3013,911,137942
2004,Staffordshire,7,1035,43,777,4713,5064,45061,849,21987,2689,546,98681
2004,Suffolk,5,266,29,260,1787,2856,23049,571,12119,1974,480,50272
2004,Surrey,11,313,35,462,3779,3622,35654,601,16559,1904,400,68009
2004,Sussex,21,1420,54,1228,6836,7738,69554,1376,29191,3343,1366,136460
2004,Thames Valley,26,2847,76,1968,11846,10897,114753,1502,35556,6167,1173,200063
2004,Warwickshire,4,121,10,353,2668,1918,23462,402,9309,914,190,41921
2004,West Mercia,12,866,61,531,4785,5745,46192,873,20949,2278,601,92247
2004,West Midlands,68,4028,232,9165,19119,14344,142945,2425,53162,8089,2581,280883
2004,West Yorkshire,41,2266,93,2196,18985,11368,137009,2688,60397,5666,1366,259112
2004,Wiltshire,6,104,12,256,2177,2440,21212,312,8675,1066,306,38951
2005,Avon and Somerset,9,1266,66,2036,7843,8655,78377,1388,29184,4642,1052,150795
2005,Bedfordshire,9,269,44,1317,3596,3741,31658,482,10273,1228,579,56679
2005,British Transport Police,42,44,19,2166,4,1594,40020,238,12361,3150,696,75364
2005,Cambridgeshire,10,348,36,562,3076,3760,35767,689,13883,1442,464,64687
2005,Cheshire,15,568,33,654,4716,6267,45112,1049,23687,1748,512,93758
2005,Cleveland,6,280,39,715,4185,4924,33624,771,17605,1822,417,71060
2005,Cumbria,5,167,20,87,1214,2686,15857,538,12945,1568,241,41719
2005,Derbyshire,6,719,23,772,4133,3550,38850,750,18136,1680,490,79146
2005,Devon and Cornwall,17,747,42,566,4949,7431,56528,1185,29896,4147,770,121747
2005,Dorset,2,847,19,255,2153,3543,28743,670,11810,1703,392,56997
2005,Durham,11,287,24,281,2350,2565,22756,620,15585,1299,445,52401
2005,Dyfed-Powys,2,105,12,40,801,1455,10181,256,7587,2495,305,29461
2005,Essex,21,1335,45,1424,6135,9607,67322,914,29483,2889,996,129820
2005,Gloucestershire,2,402,32,476,2370,3354,25719,542,10557,1352,326,51027
2005,Greater Manchester,45,1462,223,7719,24536,14396,166135,2890,72096,8843,2477,322778
2005,Gwent,5,277,27,316,2177,2960,25190,610,12102,1412,300,52759
2005,Hampshire,10,1743,77,1078,5810,11670,79202,1313,40661,4037,983,170620
2005,Hertfordshire,12,534,23,933,4733,6101,48018,651,20100,2044,614,90942
2005,Humberside,11,370,43,1185,7302,6112,59222,1192,24526,2127,644,114264
2005,Kent,16,890,79,1351,7055,9991,73271,1403,34914,2713,942,144807
2005,Lancashire,14,1371,67,1021,6184,8655,62091,1606,38294,3245,973,139291
2005,Leicestershire,6,2303,66,1244,5147,4871,41549,742,17336,2747,578,88424
2005,Lincolnshire,4,157,20,229,2436,3390,28174,673,13262,1239,462,56479
2005,City of London City of,2,120,1,39,25,737,4823,2,279,1023,117,7699
2005,Merseyside,28,1127,89,2502,10382,9327,77280,1325,41053,11952,1115,172915
2005,Metropolitan Police,175,16695,819,45311,64174,41040,521177,3374,117829,42681,8367,953299
2005,Norfolk,12,252,15,301,1889,3814,28462,746,16745,1821,425,63327
2005,North Wales,7,281,11,150,1285,3111,18658,387,13944,2108,410,49442
2005,North Yorkshire,5,252,11,240,2619,3725,29616,456,12204,1899,353,57651
2005,Northamptonshire,10,472,29,1069,4079,3676,34979,719,15559,1394,361,65944
2005,Northumbria,18,748,43,1070,6560,8364,59711,1587,35042,5159,1087,129604
2005,Nottinghamshire,14,791,39,2112,10477,7129,75732,1362,29261,3301,823,136902
2005,South Wales,11,860,38,631,5747,6971,65234,1166,27352,3483,675,122435
2005,South Yorkshire,23,1590,50,1258,10011,8028,82416,2049,37730,3283,976,160181
2005,Staffordshire,14,1251,30,766,4470,5664,46507,959,22933,3242,518,102264
2005,Suffolk,7,233,24,271,1929,3101,23701,601,12375,2015,501,51144
2005,Surrey,12,325,40,446,3473,3416,34601,518,16335,1787,423,67118
2005,Sussex,15,1881,44,1098,5709,8403,65194,1177,27867,4276,1464,132555
2005,Thames Valley,24,3628,105,1926,11529,10923,108477,1606,35484,7515,1113,196505
2005,Warwickshire,8,176,16,429,2492,2009,22924,333,9703,1317,192,42407
2005,West Mercia,6,770,32,453,3738,5457,40864,753,19703,2537,649,83056
2005,West Midlands,50,4234,178,8867,18593,15464,136746,2324,54024,10035,2726,280007
2005,West Yorkshire,35,2301,92,2531,16628,11782,127602,2779,57126,6739,1447,254846
2005,Wiltshire,8,166,14,301,1803,2580,21161,336,9286,1340,311,41365
2006,Avon and Somerset,11,1280,56,1987,7450,9423,80260,1177,32070,6173,1084,156960
2006,Bedfordshire,8,258,32,1248,3560,3617,31109,445,10230,1015,496,54751
2006,British Transport Police,4,61,15,1953,3,1545,38225,222,13151,2830,1109,75541
2006,Cambridgeshire,7,379,25,733,3736,3845,36787,776,14754,2124,384,67546
2006,Cheshire,8,611,28,688,4430,6554,43879,884,21344,1645,444,88107
2006,Cleveland,5,383,22,576,3565,4652,31130,854,17650,2014,392,67952
2006,Cumbria,1,141,15,68,917,2271,14176,425,12190,1434,261,37858
2006,Derbyshire,11,802,22,870,4417,3246,38381,645,19369,1558,459,79401
2006,Devon and Cornwall,18,905,31,653,4646,7395,56154,1198,31585,3799,651,121959
2006,Dorset,7,919,17,190,1638,3530,25999,571,11838,1641,407,53715
2006,Durham,11,364,8,233,2402,2339,22870,581,15771,1317,519,52530
2006,Dyfed-Powys,3,109,5,47,770,1444,10045,237,7710,2484,219,29421
2006,Essex,23,1314,36,1531,6124,9329,63936,956,28944,3254,1135,125235
2006,Gloucestershire,4,467,22,394,2583,3347,24963,497,11402,1207,336,51049
2006,Greater Manchester,55,1760,183,8213,24320,14827,164126,2792,74146,10518,2345,327937
2006,Gwent,7,347,22,282,2216,2894,23540,578,12968,1888,388,52518
2006,Hampshire,20,1865,108,1212,5451,11693,79774,1481,43423,4073,1033,176332
2006,Hertfordshire,9,835,28,985,4298,6587,44413,503,20040,2945,554,88780
2006,Humberside,20,477,41,1200,6705,6762,54584,1267,25019,2531,673,111373
2006,Kent,15,982,58,1403,7243,10164,71582,1229,35216,2976,942,144198
2006,Lancashire,23,1245,44,1014,5692,8564,61278,1372,36322,3301,1059,133991
2006,Leicestershire,11,2174,47,1214,5542,5067,43145,755,18462,3090,574,90452
2006,Lincolnshire,7,141,9,230,2327,3263,26280,572,13885,1421,422,54629
2006,City of London City of,1,137,3,41,37,770,4899,1,307,782,89,7461
2006,Merseyside,24,665,71,2290,9835,9623,71382,1371,39535,10144,1119,153827
2006,Metropolitan Police,168,15752,677,45771,59933,36944,476994,2981,109967,53967,7776,897553
2006,Norfolk,5,262,23,359,1696,4122,27963,673,16536,2005,440,61061
2006,North Wales,6,477,6,134,1200,3401,19605,469,14308,2105,395,52772
2006,North Yorkshire,2,231,11,278,2465,3629,27489,349,12123,1730,328,53579
2006,Northamptonshire,14,541,22,1037,3905,3527,34215,648,15338,1400,365,64520
2006,Northumbria,25,917,38,1055,6336,9378,56220,1571,34245,5116,1149,127301
2006,Nottinghamshire,15,875,52,2434,10619,6907,73093,1174,29026,3563,841,135131
2006,South Wales,16,991,37,891,6392,6757,64327,1211,27158,4051,727,120646
2006,South Yorkshire,21,1470,32,1594,9814,7588,82107,2043,37183,3458,863,157913
2006,Staffordshire,13,1414,21,758,4759,5951,46060,968,23565,3148,620,102591
2006,Suffolk,11,320,17,271,1684,2681,22583,569,12456,1781,457,49755
2006,Surrey,2,669,22,446,3397,3702,35180,421,17000,2111,419,70759
2006,Sussex,11,1995,37,1007,4556,8229,61527,1124,28775,4998,1098,130951
2006,Thames Valley,22,4190,79,2320,12059,11542,109251,1483,38423,7549,1198,205722
2006,Warwickshire,7,209,18,488,2844,2029,23302,380,9861,1593,264,44453
2006,West Mercia,15,841,30,581,3260,5706,37926,768,19840,2423,704,80457
2006,West Midlands,45,4052,172,9186,17524,14918,129705,2079,53659,9697,2605,272412
2006,West Yorkshire,43,1488,105,3148,18009,11935,126921,2440,56100,6399,1322,247070
2006,Wiltshire,4,178,20,363,1901,2585,21399,360,11157,975,272,44208
2007,Avon and Somerset,16,991,44,1906,8761,8923,74093,1276,28507,5325,824,141937
2007,Bedfordshire,10,224,27,1210,4506,3432,28967,423,9688,1178,425,50306
2007,British Transport Police,3,64,8,1042,6,1589,33945,153,10265,3971,909,66946
2007,Cambridgeshire,7,353,20,624,3503,3940,34614,589,13353,2904,384,64363
2007,Cheshire,9,416,27,572,3865,6009,39754,693,18139,2091,417,78539
2007,Cleveland,7,292,18,499,3548,5417,30837,759,16708,2357,474,66156
2007,Cumbria,3,135,8,52,834,2239,12534,355,11023,1584,267,34864
2007,Derbyshire,7,902,25,796,3764,3522,36652,650,17051,1930,499,76365
2007,Devon and Cornwall,24,857,26,540,4225,7212,49282,1070,27805,4202,680,109702
2007,Dorset,8,774,19,243,1739,3200,24415,472,11386,1678,357,50990
2007,Durham,8,292,17,181,2349,2475,20964,564,14055,1246,467,47356
2007,Dyfed-Powys,10,77,4,46,751,1490,9254,174,6457,2346,203,25153
2007,Essex,15,1279,40,1310,6144,9183,59069,920,25372,3971,1214,117404
2007,Gloucestershire,4,402,15,298,2297,3195,22173,363,9916,1477,267,45134
2007,Greater Manchester,49,1396,147,7433,21541,15800,150346,2600,62183,11790,2149,294468
2007,Gwent,11,282,22,252,2394,2824,21631,516,11922,2082,305,48089
2007,Hampshire,19,1652,54,1066,5300,12815,72627,1403,37159,5754,1066,162652
2007,Hertfordshire,8,518,21,758,4538,6169,41012,456,16821,3539,519,78414
2007,Humberside,11,538,23,1003,5460,7141,46962,1108,20859,3136,571,95425
2007,Kent,16,817,53,1151,6045,9605,64307,1027,30194,3524,821,129130
2007,Lancashire,22,990,34,966,4987,8518,56088,1167,31017,4277,979,122347
2007,Leicestershire,14,1884,56,1059,5138,5143,41943,696,17766,3335,543,86865
2007,Lincolnshire,12,146,7,166,2095,3144,24132,607,12698,1488,417,50299
2007,City of London City of,1,97,1,54,29,832,4755,12,221,847,58,7237
2007,Merseyside,33,556,55,1671,8365,8729,57319,1035,29625,12627,1122,125803
2007,Metropolitan Police,163,16346,546,37045,59841,34419,437389,2900,98716,72204,7833,846305
2007,Norfolk,8,189,13,286,1618,3760,25919,607,14143,2191,407,54764
2007,North Wales,8,373,16,134,1175,3215,16736,389,12508,2515,388,45092
2007,North Yorkshire,4,298,9,248,2372,3671,24700,324,10661,2158,310,49065
2007,Northamptonshire,8,593,22,876,3677,3738,33089,656,14170,1413,380,62595
2007,Northumbria,31,617,34,800,4984,8858,49527,1339,28229,4592,1274,108002
2007,Nottinghamshire,13,816,37,2052,9639,7324,67477,1089,25561,4262,803,123930
2007,South Wales,16,1209,42,828,6978,7339,63387,1176,26279,5758,818,122808
2007,South Yorkshire,28,1300,18,1283,8958,7845,76004,2011,33279,4342,847,144518
2007,Staffordshire,13,1040,25,711,4257,5580,41314,843,19459,3341,486,88196
2007,Suffolk,7,354,12,262,1762,3034,21935,548,11626,1884,352,47548
2007,Surrey,9,735,31,406,3568,3774,32493,416,15442,2607,425,67792
2007,Sussex,11,1784,43,899,4242,8042,54695,896,25656,6095,1138,117583
2007,Thames Valley,17,4569,89,2142,10945,11718,100482,1428,34313,7859,1120,193961
2007,Warwickshire,6,174,10,375,2373,1843,19524,296,8898,1359,228,39460
2007,West Mercia,11,778,24,532,3654,5679,38660,706,17921,2557,562,79000
2007,West Midlands,40,3619,136,7664,18040,14542,120322,1849,44407,9394,2465,245649
2007,West Yorkshire,45,1210,98,2989,18700,11181,119570,2457,48647,6006,1146,225893
2007,Wiltshire,10,169,15,343,1729,2545,21830,309,10606,717,160,43035
2008,Avon and Somerset,18,1106,53,2040,8613,11059,71744,1121,25258,5551,737,135706
2008,Bedfordshire,10,204,18,1014,4061,3248,25024,315,8391,1362,381,44761
2008,British Transport Police,3,67,14,870,5,1765,30725,173,8746,5864,871,64243
2008,Cambridgeshire,8,315,21,829,4183,4716,35682,579,12347,2577,331,63833
2008,Cheshire,12,465,15,581,3918,6225,38070,691,15679,2893,435,74292
2008,Cleveland,3,179,21,404,2909,5526,25363,583,13109,2636,439,54745
2008,Cumbria,4,142,12,50,799,2436,11823,291,8663,1556,245,30579
2008,Derbyshire,6,704,32,804,4129,4641,36661,606,15904,2029,467,72719
2008,Devon and Cornwall,11,679,39,511,4350,7154,45245,1014,24883,4524,803,101014
2008,Dorset,8,595,15,262,1822,3640,24275,429,10845,1739,317,49764
2008,Durham,7,247,11,170,2577,3296,21159,528,12448,1327,392,44750
2008,Dyfed-Powys,7,83,3,35,731,1506,8963,178,5720,2248,178,23688
2008,Essex,12,1137,30,1305,6888,9666,56093,828,22639,4766,1351,111316
2008,Gloucestershire,3,281,12,259,2292,3294,22227,259,8774,1853,300,43548
2008,Greater Manchester,44,1064,155,7065,23719,17149,144956,2419,57639,12038,1808,279622
2008,Gwent,11,245,26,220,2295,3173,23042,579,11564,2342,364,48494
2008,Hampshire,11,1265,65,1154,6028,13943,74066,1080,33997,5793,1033,157443
2008,Hertfordshire,6,473,20,759,4969,6807,39568,388,14527,4388,494,74131
2008,Humberside,12,437,18,773,5891,7427,44944,968,18141,2758,546,88537
2008,Kent,8,880,44,1015,5574,10863,58669,847,26696,3963,728,118942
2008,Lancashire,18,833,39,865,5114,8958,54749,981,28552,4521,883,116257
2008,Leicestershire,7,2096,79,1210,5526,5468,41705,567,16163,3334,481,84706
2008,Lincolnshire,7,123,13,198,2426,3718,24042,542,11663,1735,368,48882
2008,City of London City of,0,84,0,43,51,947,4527,1,273,765,39,6822
2008,Merseyside,28,595,48,1686,7858,8822,52605,900,24797,15102,1095,116989
2008,Metropolitan Police,155,17425,515,32555,59173,40105,420848,2616,91600,76539,7677,825037
2008,Norfolk,14,169,16,286,1598,3913,23118,492,12110,2193,380,48444
2008,North Wales,5,411,13,151,1469,3663,18126,327,11438,2652,374,45593
2008,North Yorkshire,6,157,10,247,2474,3880,25317,305,10431,1997,317,47940
2008,Northamptonshire,7,349,19,898,3939,4090,31475,633,13003,1532,449,58887
2008,Northumbria,14,559,19,732,4922,9363,48172,1152,25797,5166,1352,104017
2008,Nottinghamshire,12,756,53,2279,9457,7347,60561,954,23159,3781,848,114169
2008,South Wales,11,1076,28,809,5967,8133,57945,1065,25495,6084,807,115904
2008,South Yorkshire,23,1031,15,1184,8693,9024,69130,1516,28779,4851,876,128947
2008,Staffordshire,11,928,31,791,4255,5750,38867,769,18041,2862,441,83951
2008,Suffolk,1,350,22,271,1650,3226,20865,404,10872,2109,389,45811
2008,Surrey,7,581,22,415,3321,4583,31437,432,14147,2446,412,64130
2008,Sussex,11,1084,40,1034,4132,9164,52859,878,22659,4308,838,105815
2008,Thames Valley,13,4023,79,2365,11416,14268,101657,1459,32279,8089,1200,192276
2008,Warwickshire,5,148,12,334,2216,2141,20058,283,7706,1314,230,36952
2008,West Mercia,12,742,37,562,3866,6458,38315,612,16359,2649,578,76337
2008,West Midlands,51,3097,188,7820,16811,14521,109311,1613,40009,9630,2148,224854
2008,West Yorkshire,36,1035,104,2936,20900,12440,117613,2186,44306,6571,1025,215055
2008,Wiltshire,6,143,9,339,1444,3223,19979,264,9892,1099,235,40481
2009,Avon and Somerset,16,1032,56,1777,7662,11035,63181,1036,21791,5484,575,123742
2009,Bedfordshire,6,343,27,714,3429,3339,22360,323,7689,1381,360,41426
2009,British Transport Police,2,72,1,681,3,1724,28630,129,7449,5908,617,59548
2009,Cambridgeshire,5,449,26,702,3823,4719,31997,530,10930,2355,265,58995
2009,Cheshire,7,489,13,429,4136,5831,33470,516,13118,3026,341,66283
2009,Cleveland,6,166,14,286,2460,4732,21329,495,10625,2972,365,46898
2009,Cumbria,0,258,8,47,772,2428,10950,215,7160,1684,232,27808
2009,Derbyshire,2,820,20,840,3772,4574,32617,635,13897,2297,361,66960
2009,Devon and Cornwall,16,837,33,427,3620,6692,39437,783,21075,4993,605,91043
2009,Dorset,5,620,15,218,1842,3512,23793,397,9518,1718,248,47371
2009,Durham,10,221,11,160,2267,2866,19283,465,10322,1502,309,39935
2009,Dyfed-Powys,2,58,9,36,593,1552,8125,149,4779,2648,151,21896
2009,Essex,10,1138,33,1096,6849,9190,52860,776,19727,4056,1010,103221
2009,Gloucestershire,5,224,18,207,2453,3041,19530,243,7199,1775,226,37780
2009,Greater Manchester,35,1293,156,5966,20095,15431,126840,2170,46251,10853,1671,242449
2009,Gwent,18,264,18,249,3079,3424,25667,594,10753,2163,259,50280
2009,Hampshire,19,1373,71,1080,5532,13477,66054,956,27390,6226,793,140451
2009,Hertfordshire,6,494,25,645,4347,6648,36040,359,12401,4902,430,68505
2009,Humberside,13,411,21,613,4556,6598,39167,899,16861,2417,527,79651
2009,Kent,18,978,46,850,5275,10037,52286,784,21812,4176,561,104598
2009,Lancashire,27,970,26,690,4436,8325,49038,872,24160,5234,743,105920
2009,Leicestershire,13,1534,49,1037,5497,5686,39362,564,14195,3522,445,79866
2009,Lincolnshire,6,182,14,212,2162,3881,23239,570,10469,1593,358,46337
2009,City of London City of,2,62,0,43,29,800,3995,4,256,833,50,6191
2009,Merseyside,21,417,42,1627,7922,8385,46630,905,22459,14744,907,106879
2009,Metropolitan Police,117,18707,487,33477,60902,41823,417552,2735,84457,67500,6024,807321
2009,Norfolk,7,267,15,305,1710,3753,21146,410,9985,1830,307,44204
2009,North Wales,7,608,14,121,1414,3857,17845,344,9785,2520,292,44453
2009,North Yorkshire,6,318,14,202,1976,3631,21539,355,8335,1822,224,41542
2009,Northamptonshire,5,552,20,774,3407,4079,27754,517,11199,1730,337,53919
2009,Northumbria,15,568,19,572,3870,9150,40289,1088,21317,4714,1047,88448
2009,Nottinghamshire,15,1058,48,1930,7868,6647,49607,921,18932,4060,578,97300
2009,South Wales,15,875,17,605,5006,7744,50225,953,21576,6186,654,102212
2009,South Yorkshire,12,1025,15,1015,7279,8343,60206,1248,23488,5350,754,111772
2009,Staffordshire,13,1273,18,703,3749,5222,32560,647,15751,2637,327,74839
2009,Suffolk,11,661,21,247,1889,3505,21014,467,9892,1822,293,45682
2009,Surrey,8,782,26,420,3405,4414,30960,396,12558,2490,324,63187
2009,Sussex,13,1230,39,936,3794,8316,48913,850,20048,4578,698,99083
2009,Thames Valley,15,4554,83,2185,10471,13908,96979,1742,28135,7296,1016,182080
2009,Warwickshire,11,272,14,280,2261,1952,18373,257,6182,1645,181,33338
2009,West Mercia,16,853,29,465,3291,5838,35777,536,13947,2640,514,70025
2009,West Midlands,26,3497,130,7241,16595,13703,99627,1547,35560,9291,1652,208606
2009,West Yorkshire,34,953,88,2740,21386,10996,107500,1904,36547,7772,909,194926
2009,Wiltshire,4,201,11,255,1722,3015,18874,294,8085,1239,218,38066
2010,Avon and Somerset,19,914,45,1309,6568,11299,59574,905,19612,6254,557,117094
2010,Bedfordshire,5,426,17,833,3923,3417,22654,333,7377,1608,357,42879
2010,British Transport Police,2,73,6,678,2,1719,30107,115,6418,4245,492,57825
2010,Cambridgeshire,8,506,20,617,3317,4622,30372,421,8680,2378,272,55352
2010,Cheshire,11,450,14,361,3371,5768,32615,516,11134,3323,296,63033
2010,Cleveland,4,171,19,295,2384,4917,20312,333,8810,2567,363,42739
2010,Cumbria,16,274,7,67,660,2335,10352,185,6681,1810,206,26536
2010,Derbyshire,12,928,19,798,3693,4663,31372,557,12120,2639,387,64931
2010,Devon and Cornwall,14,757,24,413,3530,6405,36353,685,18089,5270,554,85229
2010,Dorset,7,368,21,261,2014,3717,23781,349,8756,1645,255,45585
2010,Durham,12,253,9,136,1784,2555,17513,299,8443,1496,318,36177
2010,Dyfed-Powys,1,122,9,40,601,1475,7906,114,4288,2868,163,21376
2010,Essex,13,1029,33,1154,6574,9268,53203,702,17638,4621,932,101742
2010,Gloucestershire,2,185,15,310,2644,2889,19866,214,6163,1493,199,35577
2010,Greater Manchester,33,1737,137,4876,18432,15146,119408,1961,37650,11932,1554,224223
2010,Gwent,4,289,21,219,2878,3159,23820,513,8645,2301,263,45109
2010,Hampshire,9,1247,52,1062,5182,12597,63545,774,23472,5877,706,131377
2010,Hertfordshire,9,564,15,630,4085,6392,35087,264,11097,5064,369,64885
2010,Humberside,7,468,31,563,4692,6776,39135,762,14281,2545,454,75290
2010,Kent,12,903,42,863,5052,10284,53956,676,20564,4078,478,103417
2010,Lancashire,20,1213,36,707,4367,7936,49098,784,19846,4913,712,101074
2010,Leicestershire,12,922,35,785,4393,5521,35219,500,12163,3184,438,70064
2010,Lincolnshire,9,221,16,223,2444,3426,23379,482,8816,1574,338,44470
2010,City of London City of,0,45,0,43,38,802,3902,1,195,691,34,5948
2010,Merseyside,23,626,36,1387,7117,8366,45196,752,18666,14759,808,99230
2010,Metropolitan Police,132,17111,447,35857,60803,41380,429639,2780,76535,64043,5440,801116
2010,Norfolk,9,337,11,244,1842,3766,20090,437,9227,2099,286,42784
2010,North Wales,10,555,15,158,1509,3791,17516,323,8866,2206,245,41534
2010,North Yorkshire,7,386,12,222,1998,4018,22086,303,7493,2051,234,41723
2010,Northamptonshire,6,561,25,650,2714,3875,23793,435,9266,1968,299,47911
2010,Northumbria,10,559,21,541,3650,9147,39218,902,17207,5002,912,81331
2010,Nottinghamshire,7,716,36,1455,5798,6076,43230,735,14769,4637,598,83384
2010,South Wales,7,850,21,523,4447,7718,46685,784,17919,6122,555,92972
2010,South Yorkshire,26,1075,11,871,7249,8151,57706,1037,19419,5036,677,101830
2010,Staffordshire,10,1527,16,560,3307,5179,31006,653,13378,3098,319,69686
2010,Suffolk,9,688,23,304,2006,4049,21832,503,9297,1505,268,45532
2010,Surrey,10,857,27,410,3649,4347,31549,354,11696,2992,299,63734
2010,Sussex,16,1451,28,898,3362,7937,47290,818,17763,4864,671,94951
2010,Thames Valley,21,4089,57,2082,9597,14169,92510,1340,24327,7227,920,169058
2010,Warwickshire,6,230,10,298,2014,2090,17909,253,5738,1368,177,32244
2010,West Mercia,15,1161,26,512,3204,5662,37052,600,12599,2647,456,70848
2010,West Midlands,43,3170,168,9043,19140,14456,111573,1651,33240,8602,1503,212369
2010,West Yorkshire,28,949,77,2623,20495,11294,108848,1755,30749,7242,781,187427
2010,Wiltshire,3,210,7,308,1636,3337,20189,256,6876,1078,182,36879
2011,Avon and Somerset,12,1106,30,1210,5292,11409,57703,938,17726,7043,541,113221
2011,Bedfordshire,10,405,13,851,3149,3608,21326,312,6513,1740,333,40039
2011,British Transport Police,2,47,4,607,1,1741,28224,121,5284,3593,382,52433
2011,Cambridgeshire,6,617,12,417,2772,4319,28217,424,7750,2994,271,50629
2011,Cheshire,5,331,13,363,3148,5955,30903,504,10500,3372,292,59203
2011,Cleveland,5,217,11,273,2439,5064,21572,418,8864,2250,329,43176
2011,Cumbria,1,319,9,54,666,2569,10170,196,6058,1819,177,25689
2011,Derbyshire,12,769,20,543,3262,4925,30672,517,10976,2768,368,60540
2011,Devon and Cornwall,13,955,29,499,4222,7320,39842,812,17155,4996,507,90009
2011,Dorset,5,310,17,237,1899,3788,24816,307,7624,1638,209,44355
2011,Durham,11,301,6,103,1654,2984,18089,297,7478,1434,277,34952
2011,Dyfed-Powys,4,128,3,37,562,1551,7372,160,3951,3335,122,20629
2011,Essex,14,1417,36,1159,7023,9517,56027,629,15910,4207,989,103186
2011,Gloucestershire,2,147,15,252,3017,3017,19622,244,5591,1526,149,34121
2011,Greater Manchester,33,2394,143,4199,15735,14939,106254,1737,33593,11414,1408,204379
2011,Gwent,5,313,13,126,2011,3389,19566,389,7141,2793,244,38535
2011,Hampshire,4,1241,39,950,4994,12808,62263,741,21344,6498,585,126657
2011,Hertfordshire,8,664,14,563,3313,5942,32108,333,9726,5034,322,60744
2011,Humberside,3,568,21,507,4336,6852,37739,658,12528,2720,431,71004
2011,Kent,11,690,36,953,5139,9941,52641,738,18844,3809,402,99690
2011,Lancashire,19,1575,32,679,4279,8567,48742,611,18338,4732,568,97696
2011,Leicestershire,9,923,17,935,4231,5535,35720,484,11186,2601,332,67234
2011,Lincolnshire,8,284,12,191,2178,3954,24225,512,7611,1543,282,43648
2011,City of London City of,1,36,4,46,32,742,3994,3,228,706,35,5936
2011,Merseyside,24,678,33,1398,7441,8036,45805,725,17368,12804,771,95578
2011,Metropolitan Police,103,15541,442,38897,63791,38800,440213,2765,69213,60799,4696,791231
2011,Norfolk,7,341,13,217,1461,3761,19262,395,8392,2163,278,41760
2011,North Wales,6,648,18,159,1888,4045,19640,325,8263,1751,272,42564
2011,North Yorkshire,1,305,7,164,1897,3626,20446,243,6500,2165,229,38075
2011,Northamptonshire,7,529,31,711,2509,3852,24689,411,8620,1851,266,48537
2011,Northumbria,15,571,17,537,3553,9227,37324,750,14285,5385,852,74349
2011,Nottinghamshire,16,695,21,1136,4401,6819,40806,649,12854,3659,498,76727
2011,South Wales,6,959,12,486,4362,7717,45368,640,15074,5776,439,86422
2011,South Yorkshire,18,722,16,861,7654,9122,59465,1019,18235,4785,585,99902
2011,Staffordshire,7,1370,18,458,3102,5061,30036,555,12136,3659,329,64514
2011,Suffolk,9,652,21,332,1967,4071,21741,447,8230,1709,245,44685
2011,Surrey,5,842,27,375,3404,4461,31350,299,10633,3703,352,60569
2011,Sussex,7,1022,25,749,3370,8635,50344,876,15981,4970,601,94294
2011,Thames Valley,16,2031,40,1724,8815,13277,84096,1021,20776,7297,796,147070
2011,Warwickshire,4,293,14,323,2270,2121,20093,212,5174,1091,124,33229
2011,West Mercia,8,1196,27,470,3027,5688,35305,584,11544,3014,425,68029
2011,West Midlands,41,2636,112,7260,15898,13737,101906,1497,28988,9218,1453,190818
2011,West Yorkshire,47,1161,69,2431,17806,12541,109689,1482,27976,7507,777,182089
2011,Wiltshire,3,192,4,246,1342,3293,19394,239,6628,1228,145,35434
2012,Avon and Somerset,15,903,24,898,5056,10522,49835,765,15248,6577,478,97857
2012,Bedfordshire,5,370,18,680,2933,3193,18526,209,5760,1581,264,35142
2012,British Transport Police,2,54,3,523,2,1847,28447,71,4725,3402,363,51677
2012,Cambridgeshire,7,565,15,396,2744,4357,26492,271,6381,2821,217,45592
2012,Cheshire,5,413,16,321,2838,6249,29064,335,9491,2846,270,56604
2012,Cleveland,4,233,11,281,2137,5001,19790,276,7623,2105,269,39241
2012,Cumbria,4,298,3,51,641,2350,9756,176,5099,1533,171,22955
2012,Derbyshire,11,758,11,529,2855,4930,26204,310,8445,2665,284,50831
2012,Devon and Cornwall,13,1030,18,419,3362,7145,35541,583,14859,4637,399,84007
2012,Dorset,5,269,9,203,1899,3523,22576,202,6988,1546,173,39758
2012,Durham,6,332,5,109,1417,2740,15126,271,6540,1240,221,29843
2012,Dyfed-Powys,5,120,3,32,467,1566,6474,99,3234,3496,151,18714
2012,Essex,20,1478,34,1198,7883,8897,54779,466,13937,3944,815,98634
2012,Gloucestershire,1,139,20,217,2196,3134,16769,162,4732,1601,133,29589
2012,Greater Manchester,42,2331,106,3973,15295,13843,96079,1274,27961,9335,1104,180396
2012,Gwent,5,546,10,166,1874,3276,16800,333,5968,2388,187,33917
2012,Hampshire,11,1084,35,738,3843,10967,51377,460,17898,6644,518,107051
2012,Hertfordshire,9,640,9,475,3023,5267,26842,179,8083,4717,294,52137
2012,Humberside,4,560,28,471,3831,6470,32989,487,10388,2475,276,62845
2012,Kent,11,816,51,893,6276,10084,51716,497,17115,3857,412,98385
2012,Lancashire,16,1554,14,628,4207,8226,46637,540,16103,4126,533,92357
2012,Leicestershire,10,753,32,727,3935,5309,31005,278,9312,2458,300,58342
2012,Lincolnshire,5,358,7,185,2078,4480,20719,289,5780,1545,247,37144
2012,City of London City of,1,32,0,49,27,569,3752,3,223,498,26,5491
2012,Merseyside,17,613,31,1171,6489,8801,44121,634,15964,10647,634,89836
2012,Metropolitan Police,106,21701,381,34764,60675,36598,425602,1802,57072,51326,3706,743833
2012,Norfolk,7,348,8,175,1373,3807,17344,297,6748,2351,205,37806
2012,North Wales,10,774,13,145,1570,3616,16648,343,7150,1679,197,37655
2012,North Yorkshire,6,357,4,121,1641,3673,18148,156,5758,1884,177,34500
2012,Northamptonshire,5,400,35,622,3182,4538,25069,273,7836,1701,235,46305
2012,Northumbria,12,660,9,476,3086,8445,33519,636,13194,4847,615,66922
2012,Nottinghamshire,15,617,18,944,4081,6680,35243,404,10200,3774,457,67543
2012,South Wales,12,1164,12,401,4161,7745,44111,469,13701,5353,451,83885
2012,South Yorkshire,15,755,19,889,8230,9611,55790,812,16006,4470,514,92628
2012,Staffordshire,4,1174,25,466,2764,5079,26587,383,10186,3481,313,58096
2012,Suffolk,4,548,10,248,1859,3639,19336,271,6659,1826,248,39307
2012,Surrey,4,928,18,247,3399,4058,26670,182,8901,3789,278,51789
2012,Sussex,14,944,19,673,3920,8463,48574,598,13580,4798,531,89390
2012,Thames Valley,20,1771,50,1294,7069,13444,76071,698,17627,6871,713,131764
2012,Warwickshire,2,334,11,272,1893,2179,17295,153,4413,1279,109,29146
2012,West Mercia,17,1434,21,406,2902,5679,30339,361,9285,3113,352,59535
2012,West Midlands,45,2890,145,5461,13571,13749,89324,974,23609,8315,1207,168770
2012,West Yorkshire,17,1299,68,2060,13249,13719,96291,1125,24639,7029,744,162438
2012,Wiltshire,9,185,9,158,1343,3155,17567,198,5986,1433,119,33511
2013,Avon and Somerset,11,1064,37,731,4080,11459,48727,632,14034,6344,516,96867
2013,Bedfordshire,12,685,20,636,2796,3297,19206,223,5219,1460,232,36262
2013,British Transport Police,1,67,3,416,0,1890,25114,63,4542,3925,362,49130
2013,Cambridgeshire,5,427,20,380,2411,4218,25028,301,5822,2675,210,43970
2013,Cheshire,7,472,16,312,2831,6701,28728,312,8922,2721,263,55501
2013,Cleveland,7,212,8,268,1900,5363,20229,316,7559,1956,243,38973
2013,Cumbria,4,419,8,67,701,2661,9844,144,5086,1530,147,23998
2013,Derbyshire,8,710,22,629,2906,5779,28095,330,8490,2824,301,52538
2013,Devon and Cornwall,16,1360,31,362,3139,8078,35378,599,13879,4519,466,85207
2013,Dorset,7,428,6,204,1715,3982,21123,155,6303,1487,157,37212
2013,Durham,3,343,4,101,1357,3153,16245,287,6652,1400,241,32806
2013,Dyfed-Powys,3,159,5,31,449,1535,6267,89,3169,3233,142,18618
2013,Essex,12,1858,45,1062,7488,9688,53261,454,13624,3944,865,99346
2013,Gloucestershire,6,170,16,195,2445,3146,17200,185,4632,1345,134,29480
2013,Greater Manchester,30,2741,118,3899,15816,14893,99522,1210,26560,7993,1103,181827
2013,Gwent,5,814,15,171,1783,3164,16916,317,6206,2082,158,35397
2013,Hampshire,15,1133,41,633,3874,11382,49772,390,16018,6453,558,102828
2013,Hertfordshire,9,689,16,436,2867,5509,27009,173,7111,4660,282,51358
2013,Humberside,5,658,37,559,4040,7595,34892,538,10318,2468,347,65908
2013,Kent,14,2049,82,1061,6182,10757,53004,512,17510,4017,481,108870
2013,Lancashire,11,1596,31,718,4595,8787,48320,563,16291,3621,499,95372
2013,Leicestershire,11,1197,19,703,4199,6089,33497,259,8897,2066,347,60834
2013,Lincolnshire,10,431,10,170,1816,4615,20270,267,5240,1646,253,35974
2013,City of London City of,0,43,0,47,24,630,3652,4,241,440,22,5441
2013,Merseyside,14,699,54,1203,6413,10396,45875,697,16033,10102,677,93348
2013,Metropolitan Police,110,20997,443,28253,54620,37050,385970,1661,53848,50017,3971,698729
2013,Norfolk,2,454,22,182,1305,3686,16425,287,6396,2642,220,38060
2013,North Wales,3,877,11,130,1656,3954,16352,291,6627,1789,177,36540
2013,North Yorkshire,5,450,15,117,1567,3980,18203,187,5428,1813,183,34449
2013,Northamptonshire,8,400,30,605,2706,4386,21646,267,6727,1829,253,40898
2013,Northumbria,16,887,14,456,3163,9180,35282,632,13099,4612,690,70078
2013,Nottinghamshire,13,812,25,1075,4482,7548,35921,390,9749,3689,560,68514
2013,South Wales,5,1878,17,364,3608,8255,41252,466,13099,4662,400,82133
2013,South Yorkshire,23,922,32,1054,7264,10125,53716,800,14862,4026,574,91682
2013,Staffordshire,6,1529,43,523,2646,5446,25490,377,9800,3239,394,59384
2013,Suffolk,8,565,23,205,1406,3420,17202,282,6197,1943,246,36441
2013,Surrey,9,872,20,251,3151,4067,24071,164,8053,3404,261,48486
2013,Sussex,6,1049,27,618,3272,8220,44325,462,12713,4147,557,83392
2013,Thames Valley,17,1731,57,1072,5666,14221,72923,651,16753,6524,709,127431
2013,Warwickshire,4,399,10,247,1795,2559,16836,149,4106,1267,135,28377
2013,West Mercia,13,1388,24,347,2552,6375,30663,326,8663,2926,312,58014
2013,West Midlands,33,3670,160,5373,12726,15895,90917,982,24215,7113,1184,174524
2013,West Yorkshire,25,1657,77,1834,11461,14667,94470,1039,23139,6006,665,159513
2013,Wiltshire,1,250,14,128,1115,3277,16330,149,5600,1656,124,32829
2014,Avon and Somerset,10,1188,54,922,4377,11707,48881,649,13594,4140,386,97989
2014,Bedfordshire,4,1335,37,550,2989,3332,19470,214,5242,1262,305,39105
2014,British Transport Police,1,82,8,347,1,2040,22188,58,4574,2267,371,44949
2014,Cambridgeshire,7,542,23,465,2296,3968,24509,330,5864,2218,239,46321
2014,Cheshire,3,699,17,238,2416,6174,25294,293,8130,2788,288,53229
2014,Cleveland,7,553,18,300,2400,5626,20411,372,7937,1711,247,42041
2014,Cumbria,7,706,15,65,715,2344,8905,146,4807,1390,159,24842
2014,Derbyshire,4,913,19,515,2713,6176,26748,312,7868,2674,353,51701
2014,Devon and Cornwall,12,1704,31,381,2796,7591,31490,574,13055,4080,518,80415
2014,Dorset,5,744,8,167,1435,3715,18440,164,5591,1632,184,36082
2014,Durham,2,390,16,103,1317,3618,15248,294,6420,1429,246,32924
2014,Dyfed-Powys,3,230,7,31,519,1331,6314,99,3424,2768,135,19410
2014,Essex,11,2405,63,959,6742,9240,49890,451,13281,3705,894,99740
2014,Gloucestershire,10,223,16,281,2117,3321,16454,153,4526,978,119,29247
2014,Greater Manchester,35,4336,185,3534,15619,15777,101017,1324,28548,6424,1264,200432
2014,Gwent,6,940,16,150,1625,3249,16586,337,6377,1762,153,36490
2014,Hampshire,17,1904,70,689,3659,10844,47126,518,16365,5346,646,111836
2014,Hertfordshire,9,1050,34,439,2938,5750,27488,226,8023,3646,310,56598
2014,Humberside,10,717,49,588,3814,7696,34308,426,10007,1981,305,66363
2014,Kent,12,2426,111,964,5301,11586,52511,592,17311,2978,437,110287
2014,Lancashire,16,1744,29,606,5128,8050,45881,610,15263,3258,435,92646
2014,Leicestershire,6,1190,32,710,4050,5778,32495,272,8433,1844,326,59220
2014,Lincolnshire,10,524,22,190,1844,4244,18899,241,5072,1630,272,35274
2014,City of London City of,1,65,1,38,26,582,3497,6,201,414,28,5318
2014,Merseyside,26,1459,62,1079,6193,9935,44840,659,15565,8423,675,97244
2014,Metropolitan Police,101,27356,516,21907,47336,41253,355586,2038,57010,42575,4248,707364
2014,Norfolk,7,809,18,189,1321,3888,16830,338,6870,2445,256,44175
2014,North Wales,6,855,4,129,1498,4065,15294,294,6411,1685,218,36427
2014,North Yorkshire,9,711,7,146,1371,3971,16831,158,4939,2085,230,34617
2014,Northamptonshire,8,542,41,612,2308,4565,21357,330,6882,1843,311,45930
2014,Northumbria,19,1078,19,495,2967,9487,34216,742,13724,3767,627,72881
2014,Nottinghamshire,9,1038,31,1010,4072,7857,35342,408,9930,3515,579,72447
2014,South Wales,9,3971,21,374,3678,8814,41928,517,12752,4311,414,89388
2014,South Yorkshire,14,1446,36,1072,7098,10345,51096,683,14750,3393,674,93466
2014,Staffordshire,14,1926,46,554,2568,5856,26041,393,9059,2545,420,60861
2014,Suffolk,5,599,23,172,1453,3729,16890,314,6363,1892,258,38000
2014,Surrey,10,890,40,228,2592,3816,23064,209,7520,3104,291,50339
2014,Sussex,9,1707,41,602,3392,8173,40579,475,12826,4100,660,89689
2014,Thames Valley,8,1771,68,880,4451,14036,65454,715,16206,6028,765,121198
2014,Warwickshire,6,416,25,232,1301,2611,15131,138,3982,1111,147,27294
2014,West Mercia,13,1606,31,403,2710,6453,29058,345,8487,2585,365,60763
2014,West Midlands,25,4358,176,4888,11425,17142,90410,896,23579,5836,1214,176280
2014,West Yorkshire,24,2317,92,1866,11296,13569,86812,1140,22166,4996,769,157872
2014,Wiltshire,4,270,20,166,1154,3160,14627,145,5310,1400,163,31944
